kduncan, 108.222.118.252 
kduncan, 108.222.118.252 
kduncan, 108.222.118.252 
tester, 106.55.241.103 
webmaster, 121.4.55.87 
samba, 103.205.68.2 
info, 167.172.207.63 
user, 141.98.10.193 
user, 141.98.10.193 
user, 141.98.10.193 
user, 141.98.10.193 
es, 209.141.61.26 
es, 209.141.61.26 
admin, 209.141.61.26 
ansible, 209.141.61.26 
deploy, 209.141.61.26 
postgres, 209.141.61.26 
git, 209.141.61.26 
oracle, 209.141.61.26 
test, 209.141.61.26 
user, 209.141.61.26 
mysql, 209.141.61.26 
minecraft, 209.141.61.26 
git, 209.141.61.26 
jenkins, 209.141.61.26 
centos, 209.141.61.26 
admin, 209.141.61.26 
test, 209.141.61.26 
mysql, 209.141.61.26 
mcserver, 209.141.61.26 
postgres, 209.141.61.26 
oracle, 209.141.61.26 
mcserver, 209.141.61.26 
wp, 209.141.61.26 
wordpress, 209.141.61.26 
cms, 209.141.61.26 
cms, 209.141.61.26 
coco4you, 95.85.43.241 
pi, 125.139.190.46 
pi, 125.139.190.46 
super, 112.196.74.82 
test, 192.144.234.61 
plesk, 205.185.123.156 
plesk, 205.185.123.156 
plesk, 205.185.123.156 
plesk, 205.185.123.156 
admin, 205.185.123.156 
deploy, 205.185.123.156 
test, 205.185.123.156 
ansible, 205.185.123.156 
postgres, 205.185.123.156 
oracle, 205.185.123.156 
admin, 205.185.123.156 
admin, 205.185.123.156 
hadoop, 205.185.123.156 
centos, 205.185.123.156 
ftpuser, 205.185.123.156 
odoo, 205.185.123.156 
admin, 205.185.123.156 
guest, 205.185.123.156 
minecraft, 205.185.123.156 
esuser, 205.185.123.156 
vagrant, 205.185.123.156 
hadoop, 205.185.123.156 
mysql, 205.185.123.156 
deploy, 205.185.123.156 
hadoop, 205.185.123.156 
test, 205.185.123.156 
jenkins, 205.185.123.156 
test, 205.185.123.156 
ansible, 205.185.123.156 
joplin, 205.185.123.156 
esuser, 205.185.123.156 
rust, 205.185.123.156 
obkio, 205.185.123.156 
postgres, 205.185.123.156 
user, 205.185.123.156 
nagios, 205.185.123.156 
deployer, 205.185.123.156 
user, 205.185.123.156 
git, 205.185.123.156 
web, 205.185.123.156 
cisco, 205.185.123.156 
tomcat, 205.185.123.156 
jenkins, 205.185.123.156 
steam, 205.185.123.156 
www, 205.185.123.156 
deploy, 205.185.123.156 
sunandpanda, 205.185.123.156 
pgsql, 205.185.123.156 
ftpadmin, 205.185.123.156 
carlos, 205.185.123.156 
csgo, 205.185.123.156 
user, 205.185.123.156 
odoo, 205.185.123.156 
opc, 205.185.123.156 
hduser, 205.185.123.156 
rustserver, 205.185.123.156 
postgres, 205.185.123.156 
rustserver, 205.185.123.156 
minecraft, 205.185.123.156 
obkio, 205.185.123.156 
docker, 205.185.123.156 
ts3server, 205.185.123.156 
ftp, 205.185.123.156 
hadoop, 205.185.123.156 
jenkins, 205.185.123.156 
jenkins, 205.185.123.156 
guest, 205.185.123.156 
admin, 205.185.123.156 
esuser, 205.185.123.156 
hduser, 205.185.123.156 
wpuser, 205.185.123.156 
rudder, 205.185.123.156 
test, 205.185.123.156 
calaras, 205.185.123.156 
mcserver, 205.185.123.156 
joplin, 205.185.123.156 
wordpress, 205.185.123.156 
ansible, 205.185.123.156 
ts3, 205.185.123.156 
docker, 205.185.123.156 
oracle, 205.185.123.156 
minecraft, 205.185.123.156 
administrator, 205.185.123.156 
tomcat, 205.185.123.156 
rust, 205.185.123.156 
test, 205.185.123.156 
Root123, 195.214.223.84 
pi, 170.253.23.216 
pi, 170.253.23.216 
plesk, 209.141.48.157 
plesk, 209.141.48.157 
shoutcast, 222.239.124.18 
admin, 120.224.50.233 
admin, 120.224.50.233 
teamspeak, 191.97.80.7 
admin, 104.244.77.95 
admin, 51.159.94.134 
admin, 185.220.103.5 
admin, 209.127.17.242 
luna, 206.81.2.230 
pi, 79.116.2.239 
pi, 79.116.2.239 
wwwrun, 150.158.167.22 
luc, 101.36.109.104 
user, 185.36.81.36 
user, 185.36.81.36 
user, 185.36.81.36 
user, 185.36.81.36 
user, 185.36.81.36 
shop, 209.97.145.173 
admin, 176.111.173.8 
admin, 43.128.60.110 
backup@network, 176.111.173.8 
admin, 106.13.239.164 
kelly, 49.234.75.11 
test, 119.29.184.119 
web3, 143.110.180.68 
admin, 91.148.147.214 
admin, 185.220.102.246 
admin, 217.182.76.127 
admin, 89.163.252.30 
ftp, 176.111.173.8 
kafka, 64.225.53.132 
corine, 106.52.92.199 
admin, 115.56.115.248 
admin, 115.56.115.248 
admin, 115.56.115.248 
oracle, 115.56.115.248 
oracle, 115.56.115.248 
oracle, 115.56.115.248 
usuario, 115.56.115.248 
usuario, 115.56.115.248 
usuario, 115.56.115.248 
test, 115.56.115.248 
test, 115.56.115.248 
test, 115.56.115.248 
user, 115.56.115.248 
user, 115.56.115.248 
user, 115.56.115.248 
ftpuser, 115.56.115.248 
ftpuser, 115.56.115.248 
ftpuser, 115.56.115.248 
test1, 115.56.115.248 
test1, 115.56.115.248 
test1, 115.56.115.248 
test2, 115.56.115.248 
test2, 115.56.115.248 
test2, 115.56.115.248 
contador, 115.56.115.248 
duni, 115.56.115.248 
pi, 115.56.115.248 
baikal, 115.56.115.248 
helpdesk, 68.183.117.96 
progroomsales, 140.143.141.121 
user, 185.36.81.36 
user, 185.36.81.36 
user, 185.36.81.36 
user, 185.36.81.36 
user, 185.36.81.36 
es, 209.141.61.33 
es, 209.141.61.33 
admin, 209.141.61.33 
ansible, 209.141.61.33 
deploy, 209.141.61.33 
postgres, 209.141.61.33 
git, 209.141.61.33 
oracle, 209.141.61.33 
test, 209.141.61.33 
user, 209.141.61.33 
mysql, 209.141.61.33 
minecraft, 209.141.61.33 
git, 209.141.61.33 
jenkins, 209.141.61.33 
centos, 209.141.61.33 
admin, 209.141.61.33 
test, 209.141.61.33 
mysql, 209.141.61.33 
mcserver, 209.141.61.33 
postgres, 209.141.61.33 
oracle, 209.141.61.33 
mcserver, 209.141.61.33 
wp, 209.141.61.33 
wordpress, 209.141.61.33 
cms, 209.141.61.33 
cms, 209.141.61.33 
admin, 209.141.61.33 
1, 209.141.61.33 
admin, 193.32.126.160 
admin, 185.220.102.244 
admin, 171.25.193.77 
admin, 185.220.102.8 
admin, 115.160.131.70 
sossaman, 213.183.125.28 
shutdown, 182.254.223.253 
user, 141.98.10.193 
user, 141.98.10.193 
user, 141.98.10.193 
user, 141.98.10.193 
user, 185.36.81.36 
user, 185.36.81.36 
user, 185.36.81.36 
user, 185.36.81.36 
user, 185.36.81.36 
cpanel, 81.69.241.46 
prueba, 49.233.81.161 
jacuna, 49.232.98.120 
netdump, 198.199.97.218 
ns, 112.33.113.165 
doris, 121.5.165.250 
user, 141.98.10.193 
user, 141.98.10.193 
user, 141.98.10.193 
user, 141.98.10.193 
admin, 89.163.252.12 
admin, 209.141.49.232 
admin, 209.141.34.95 
admin, 217.182.76.127 
taddio, 114.84.211.191 
dasusr, 174.138.177.23 
xtrading, 59.46.13.123 
uftp, 139.59.237.41 
customer, 118.24.114.205 
testman, 102.164.61.218 
user, 105.203.195.68 
user, 105.203.195.68 
user, 157.245.3.2 
user, 157.245.3.2 
lynn, 103.219.207.118 
demo, 128.199.226.138 
francis, 223.99.170.130 
informix, 101.231.146.34 
testtest, 121.5.27.216 
casper, 194.61.25.28 
prueba, 190.85.108.186 
user, 188.166.93.7 
user, 188.166.93.7 
user, 188.166.93.7 
project, 81.70.87.189 
user, 188.166.93.7 
user, 188.166.93.7 
user, 188.166.93.7 
user, 188.166.93.7 
internet, 81.70.167.241 
user, 105.203.195.68 
odoo, 213.74.22.134 
hadoop, 213.74.22.134 
oracle, 213.74.22.134 
peaches, 159.65.152.148 
admin, 106.75.9.141 
matthias, 157.230.210.84 
michelle, 81.68.93.27 
pi, 121.152.175.50 
pi, 121.152.175.50 
admin, 45.133.1.92 
admin, 45.133.1.92 
admin, 23.129.64.161 
admin, 185.130.44.108 
admin, 185.220.102.244 
admin, 51.79.72.176 
user, 45.133.1.92 
ubnt, 45.133.1.92 
support, 45.133.1.92 
amssys, 79.145.64.144 
admin, 156.146.58.134 
admin, 209.141.55.26 
admin, 162.247.73.192 
admin, 185.220.102.251 
user, 178.62.237.221 
user, 178.62.237.221 
user, 178.62.237.221 
user, 178.62.237.221 
user, 178.62.237.221 
admin, 45.133.1.92 
admin, 45.133.1.92 
user, 45.133.1.92 
ubnt, 45.133.1.92 
support, 45.133.1.92 
user, 195.133.40.159 
dovecot, 106.52.69.167 
t7adm, 121.5.237.121 
home, 179.157.4.188 
mailtest, 42.192.223.129 
admin, 139.59.186.178 
layer, 49.234.133.78 
testman, 49.234.25.101 
es, 209.141.36.11 
es, 209.141.36.11 
admin, 209.141.36.11 
ansible, 209.141.36.11 
deploy, 209.141.36.11 
postgres, 209.141.36.11 
git, 209.141.36.11 
oracle, 209.141.36.11 
test, 209.141.36.11 
user, 209.141.36.11 
mysql, 209.141.36.11 
minecraft, 209.141.36.11 
git, 209.141.36.11 
jenkins, 209.141.36.11 
centos, 209.141.36.11 
admin, 209.141.36.11 
test, 209.141.36.11 
mysql, 209.141.36.11 
mcserver, 209.141.36.11 
postgres, 209.141.36.11 
oracle, 209.141.36.11 
mcserver, 209.141.36.11 
wp, 209.141.36.11 
wordpress, 209.141.36.11 
cms, 209.141.36.11 
cms, 209.141.36.11 
admin, 209.141.36.11 
1, 209.141.36.11 
anonymous, 159.65.107.121 
tester, 191.217.170.33 
mysqld, 49.235.213.170 
pi, 84.33.109.107 
pi, 84.33.109.107 
admin, 185.220.102.244 
admin, 156.146.58.134 
admin, 45.153.160.140 
admin, 171.25.193.25 
pi, 81.82.201.130 
pi, 81.82.201.130 
user, 205.185.125.109 
user, 205.185.125.109 
es, 209.141.61.58 
es, 209.141.61.58 
admin, 209.141.61.58 
ansible, 209.141.61.58 
deploy, 209.141.61.58 
postgres, 209.141.61.58 
git, 209.141.61.58 
oracle, 209.141.61.58 
test, 209.141.61.58 
user, 209.141.61.58 
mysql, 209.141.61.58 
minecraft, 209.141.61.58 
git, 209.141.61.58 
jenkins, 209.141.61.58 
centos, 209.141.61.58 
admin, 209.141.61.58 
test, 209.141.61.58 
mysql, 209.141.61.58 
mcserver, 209.141.61.58 
postgres, 209.141.61.58 
oracle, 209.141.61.58 
mcserver, 209.141.61.58 
wp, 209.141.61.58 
wordpress, 209.141.61.58 
cms, 209.141.61.58 
cms, 209.141.61.58 
admin, 209.141.61.58 
1, 209.141.61.58 
admin, 31.210.21.172 
admin, 31.210.21.172 
user, 31.210.21.172 
ubnt, 31.210.21.172 
support, 31.210.21.172 
webmaster, 162.198.89.189 
firebird, 106.55.168.133 
art, 120.53.245.193 
dbus, 123.207.250.132 
nagios, 177.101.124.34 
test, 182.254.149.130 
user, 209.141.60.60 
user, 209.141.60.60 
user, 209.141.60.60 
user, 209.141.60.60 
user, 209.141.60.60 
miner, 209.141.60.60 
miner, 209.141.60.60 
admin, 192.42.116.23 
admin, 162.247.73.192 
admin, 185.220.102.252 
admin, 209.141.46.249 
user, 205.185.125.109 
user, 205.185.125.109 
webalizer, 202.170.57.253 
adrian, 170.210.176.254 
wp-user, 122.51.213.127 
adam, 83.38.12.175 
admin, 162.247.74.217 
admin, 45.153.160.130 
admin, 45.153.160.136 
admin, 193.32.126.160 
plesk, 205.185.122.211 
plesk, 205.185.122.211 
plesk, 205.185.122.211 
plesk, 205.185.122.211 
admin, 205.185.122.211 
deploy, 205.185.122.211 
test, 205.185.122.211 
ansible, 205.185.122.211 
postgres, 205.185.122.211 
oracle, 205.185.122.211 
admin, 205.185.122.211 
admin, 205.185.122.211 
hadoop, 205.185.122.211 
centos, 205.185.122.211 
ftpuser, 205.185.122.211 
odoo, 205.185.122.211 
admin, 205.185.122.211 
guest, 205.185.122.211 
minecraft, 205.185.122.211 
esuser, 205.185.122.211 
vagrant, 205.185.122.211 
hadoop, 205.185.122.211 
mysql, 205.185.122.211 
deploy, 205.185.122.211 
hadoop, 205.185.122.211 
test, 205.185.122.211 
jenkins, 205.185.122.211 
test, 205.185.122.211 
ansible, 205.185.122.211 
joplin, 205.185.122.211 
esuser, 205.185.122.211 
rust, 205.185.122.211 
obkio, 205.185.122.211 
postgres, 205.185.122.211 
user, 205.185.122.211 
nagios, 205.185.122.211 
deployer, 205.185.122.211 
user, 205.185.122.211 
git, 205.185.122.211 
web, 205.185.122.211 
cisco, 205.185.122.211 
tomcat, 205.185.122.211 
jenkins, 205.185.122.211 
steam, 205.185.122.211 
www, 205.185.122.211 
deploy, 205.185.122.211 
sunandpanda, 205.185.122.211 
pgsql, 205.185.122.211 
ftpadmin, 205.185.122.211 
carlos, 205.185.122.211 
csgo, 205.185.122.211 
user, 205.185.122.211 
odoo, 205.185.122.211 
opc, 205.185.122.211 
hduser, 205.185.122.211 
rustserver, 205.185.122.211 
postgres, 205.185.122.211 
rustserver, 205.185.122.211 
minecraft, 205.185.122.211 
obkio, 205.185.122.211 
docker, 205.185.122.211 
ts3server, 205.185.122.211 
ftp, 205.185.122.211 
hadoop, 205.185.122.211 
jenkins, 205.185.122.211 
jenkins, 205.185.122.211 
guest, 205.185.122.211 
admin, 205.185.122.211 
esuser, 205.185.122.211 
hduser, 205.185.122.211 
wpuser, 205.185.122.211 
rudder, 205.185.122.211 
test, 205.185.122.211 
calaras, 205.185.122.211 
mcserver, 205.185.122.211 
joplin, 205.185.122.211 
wordpress, 205.185.122.211 
ansible, 205.185.122.211 
ts3, 205.185.122.211 
docker, 205.185.122.211 
oracle, 205.185.122.211 
minecraft, 205.185.122.211 
administrator, 205.185.122.211 
tomcat, 205.185.122.211 
rust, 205.185.122.211 
test, 205.185.122.211 
pgsql, 205.185.122.211 
joplin, 205.185.122.211 
wwwrun, 205.185.122.211 
zabbix, 205.185.122.211 
zabbix, 205.185.122.211 
zabbix, 205.185.122.211 
joomla, 205.185.122.211 
joomla, 205.185.122.211 
joomla, 205.185.122.211 
kubernetes, 205.185.122.211 
kubernetes, 205.185.122.211 
rust, 205.185.122.211 
rustserver, 205.185.122.211 
cisco, 205.185.122.211 
cisco, 205.185.122.211 
mcserver, 205.185.122.211 
codenvy, 205.185.122.211 
codenvy, 205.185.122.211 
codenvy, 205.185.122.211 
minecraft, 205.185.122.211 
mcserver, 205.185.122.211 
rudder, 205.185.122.211 
rudder, 205.185.122.211 
obkio, 205.185.122.211 
solarwinds, 205.185.122.211 
solarwinds, 205.185.122.211 
solarwinds, 205.185.122.211 
opmanager, 205.185.122.211 
opmanager, 205.185.122.211 
opmanager, 205.185.122.211 
op, 205.185.122.211 
op, 205.185.122.211 
shinken, 205.185.122.211 
shinken, 205.185.122.211 
shinken, 205.185.122.211 
chef, 205.185.122.211 
chef, 205.185.122.211 
chef, 205.185.122.211 
spiceworks, 205.185.122.211 
spiceworks, 205.185.122.211 
spiceworks, 205.185.122.211 
puppet, 205.185.122.211 
puppet, 205.185.122.211 
puppet, 205.185.122.211 
prtg, 205.185.122.211 
prtg, 205.185.122.211 
deployer, 205.185.122.211 
deployer, 205.185.122.211 
docker, 205.185.122.211 
docker, 205.185.122.211 
oracle, 205.185.122.211 
centos, 205.185.122.211 
centos, 205.185.122.211 
usuario, 205.185.122.211 
wp, 205.185.122.211 
vagrant, 205.185.122.211 
vagrant, 205.185.122.211 
vagrant, 205.185.122.211 
tomcat, 205.185.122.211 
wp, 205.185.122.211 
codeship, 205.185.122.211 
glassfish, 205.185.122.211 
grav, 205.185.122.211 
bugzilla, 205.185.122.211 
radio, 205.185.122.211 
administrator, 205.185.122.211 
hduser, 205.185.122.211 
ansible, 205.185.122.211 
radio, 205.185.122.211 
wpuser, 205.185.122.211 
nagios, 205.185.122.211 
guest, 205.185.122.211 
wordpress, 205.185.122.211 
hduser, 205.185.122.211 
mcserver, 205.185.122.211 
user, 205.185.122.211 
wpuser, 205.185.122.211 
wpuser, 205.185.122.211 
wpuser, 205.185.122.211 
administrator, 205.185.122.211 
administrator, 205.185.122.211 
odoo, 205.185.122.211 
nagios, 205.185.122.211 
wordpress, 205.185.122.211 
hduser, 205.185.122.211 
admin, 205.185.122.211 
mcserver, 205.185.122.211 
hadoop, 205.185.122.211 
user, 205.185.122.211 
test, 205.185.122.211 
oracle, 205.185.122.211 
minecraft, 205.185.122.211 
postgres, 205.185.122.211 
wpuser, 205.185.122.211 
administrator, 205.185.122.211 
administrator, 205.185.122.211 
odoo, 205.185.122.211 
nagios, 205.185.122.211 
hadoop, 205.185.122.211 
guest, 205.185.122.211 
wordpress, 205.185.122.211 
test, 205.185.122.211 
test, 205.185.122.211 
admin, 205.185.122.211 
admin, 205.185.122.211 
admin, 205.185.122.211 
minecraft, 205.185.122.211 
mcserver, 205.185.122.211 
mc, 205.185.122.211 
mc, 205.185.122.211 
csgo, 205.185.122.211 
csgoserver, 205.185.122.211 
steam, 205.185.122.211 
steam, 205.185.122.211 
minecraft, 205.185.122.211 
mcsrv, 205.185.122.211 
mcsrv, 205.185.122.211 
ts3, 205.185.122.211 
admin, 176.111.173.246 
ammin, 121.4.135.55 
neo, 65.24.66.132 
built, 49.234.41.110 
user, 205.185.125.109 
user, 205.185.125.109 
redis, 200.215.160.113 
info1, 82.156.249.67 
shizoom, 211.200.178.178 
patrick, 121.4.255.251 
vodafone, 58.27.95.2 
test, 115.159.151.171 
pi, 88.7.66.147 
pi, 88.7.66.147 
panda, 108.222.118.252 
banana, 108.222.118.252 
zebra, 108.222.118.252 
panda, 108.222.118.252 
banana, 108.222.118.252 
zebra, 108.222.118.252 
